{
  "group": "data4",
  "num_samples": 432,
  "Dice": 0.6605368042292156,
  "IoU": 0.4931354637550275,
  "Precision": 0.7083745843038952,
  "Recall": 0.6187514330022927,
  "F2": 0.634814713657215,
  "mean_pred_area": 0.06835753829390914,
  "mean_gt_area": 0.0782587969744647,
  "area_ratio": 0.8734804546178904,
  "mean_pred_area_per_image": 0.06835753829390914,
  "mean_gt_area_per_image": 0.0782587969744647
}
