{
  "group": "data3",
  "num_samples": 1793,
  "Dice": 0.5543885004130927,
  "IoU": 0.38349757218416786,
  "Precision": 0.6130089918214122,
  "Recall": 0.5060009189611027,
  "F2": 0.5243056900112091,
  "mean_pred_area": 0.049121071623479326,
  "mean_gt_area": 0.059509098629544586,
  "area_ratio": 0.8254378658108836,
  "mean_pred_area_per_image": 0.049121071623479326,
  "mean_gt_area_per_image": 0.059509098629544586
}
