{
  "group": "data2",
  "num_samples": 88,
  "Dice": 0.7781422737062546,
  "IoU": 0.6368517847545091,
  "Precision": 0.7493594872665311,
  "Recall": 0.8092244650373266,
  "F2": 0.7964983030334295,
  "mean_pred_area": 0.08581612326882103,
  "mean_gt_area": 0.07946760004216974,
  "area_ratio": 1.0798880603466297,
  "mean_pred_area_per_image": 0.08581612326882103,
  "mean_gt_area_per_image": 0.07946760004216974
}
