{
  "group": "data3",
  "num_samples": 1793,
  "Dice": 0.6732712595174757,
  "IoU": 0.5074671550965354,
  "Precision": 0.7232623489349881,
  "Recall": 0.6297440508852192,
  "F2": 0.6464616348916149,
  "mean_pred_area": 0.05181453298471922,
  "mean_gt_area": 0.059509098629544586,
  "area_ratio": 0.870699195097585,
  "mean_pred_area_per_image": 0.05181453298471922,
  "mean_gt_area_per_image": 0.059509098629544586
}
