{
  "group": "data4",
  "num_samples": 432,
  "Dice": 0.7096048818719646,
  "IoU": 0.5499128692468886,
  "Precision": 0.7891469972821369,
  "Recall": 0.6446294233508529,
  "F2": 0.6691374357971204,
  "mean_pred_area": 0.06392715595386646,
  "mean_gt_area": 0.0782587969744647,
  "area_ratio": 0.816868521580267,
  "mean_pred_area_per_image": 0.06392715595386646,
  "mean_gt_area_per_image": 0.0782587969744647
}
