{
  "group": "data2",
  "num_samples": 88,
  "Dice": 0.8028108956704402,
  "IoU": 0.6705798547340002,
  "Precision": 0.8334233540302697,
  "Recall": 0.7743676126929177,
  "F2": 0.7854995932695115,
  "mean_pred_area": 0.07383658669211647,
  "mean_gt_area": 0.07946760004216974,
  "area_ratio": 0.929140648031756,
  "mean_pred_area_per_image": 0.07383658669211647,
  "mean_gt_area_per_image": 0.07946760004216974
}
