{
  "group": "data3",
  "num_samples": 1793,
  "Dice": 0.5796060675922103,
  "IoU": 0.40806008415544837,
  "Precision": 0.7092307014078,
  "Recall": 0.49004208544393424,
  "F2": 0.5223272627048579
}
