{
  "group": "data4",
  "num_samples": 432,
  "Dice": 0.5789476123716604,
  "IoU": 0.4074076490155966,
  "Precision": 0.9179100017147205,
  "Recall": 0.4228128548655306,
  "F2": 0.4739389638781845
}
