{
  "group": "data2",
  "num_samples": 88,
  "Dice": 0.7127476329971124,
  "IoU": 0.5536968905767949,
  "Precision": 0.8555644530294925,
  "Recall": 0.6107902413905296,
  "F2": 0.6478603931345621
}
