{
  "epoch": 25,
  "group": "data2",
  "num_samples": 88,
  "Dice": 0.9050711918394367,
  "IoU": 0.8266027755356279,
  "Precision": 0.9311819470023233,
  "Recall": 0.8803848109220346,
  "F2": 0.8900959802326055,
  "mean_pred_area": 0.07513254339044745,
  "mean_gt_area": 0.07946760004216974,
  "area_ratio": 0.945448634362832,
  "area_diff": -0.004335056651722291,
  "mean_pred_area_per_image": 0.07513254339044745,
  "mean_gt_area_per_image": 0.07946760004216974
}
