{
  "epoch": 50,
  "group": "data3",
  "num_samples": 1793,
  "Dice": 0.6974369195495195,
  "IoU": 0.5354342757114819,
  "Precision": 0.7953136443712437,
  "Recall": 0.6210110602817609,
  "F2": 0.6494793069464112,
  "mean_pred_area": 0.04646696142823219,
  "mean_gt_area": 0.059509098629544586,
  "area_ratio": 0.780837799428282,
  "area_diff": -0.0130421372013124,
  "mean_pred_area_per_image": 0.04646696142823219,
  "mean_gt_area_per_image": 0.059509098629544586
}
