{
  "epoch": 10,
  "group": "data4",
  "num_samples": 432,
  "Dice": 0.781553090970783,
  "IoU": 0.641433849254439,
  "Precision": 0.8330552751703093,
  "Recall": 0.7360481994269809,
  "F2": 0.753599123574176,
  "mean_pred_area": 0.0691457677770544,
  "mean_gt_area": 0.0782587969744647,
  "area_ratio": 0.8835525412445425,
  "area_diff": -0.009113029197410291,
  "mean_pred_area_per_image": 0.0691457677770544,
  "mean_gt_area_per_image": 0.0782587969744647
}
