{
  "group": "data3",
  "num_samples": 1793,
  "Dice": 0.6823489912333495,
  "IoU": 0.5178525927529497,
  "Precision": 0.8455027356527793,
  "Recall": 0.5719766344200847,
  "F2": 0.6115444225442823,
  "mean_pred_area": 0.040257485299820484,
  "mean_gt_area": 0.059509098629544586,
  "area_ratio": 0.6764928298696409,
  "area_diff": -0.019251613329724103,
  "mean_pred_area_per_image": 0.040257485299820484,
  "mean_gt_area_per_image": 0.059509098629544586
}
