{
  "epoch": 10,
  "group": "data3",
  "num_samples": 1793,
  "Dice": 0.738207723999282,
  "IoU": 0.5850469511027997,
  "Precision": 0.8152778101903355,
  "Recall": 0.6744503787461148,
  "F2": 0.6985844482061782,
  "mean_pred_area": 0.04922976390117383,
  "mean_gt_area": 0.059509098629544586,
  "area_ratio": 0.8272643471714286,
  "area_diff": -0.010279334728370754,
  "mean_pred_area_per_image": 0.04922976390117383,
  "mean_gt_area_per_image": 0.059509098629544586
}
