{
  "epoch": 50,
  "group": "data4",
  "num_samples": 432,
  "Dice": 0.7838527952769679,
  "IoU": 0.6445377600941699,
  "Precision": 0.9021714540898026,
  "Recall": 0.6929705708720071,
  "F2": 0.7266715560631928,
  "mean_pred_area": 0.060111681620279946,
  "mean_gt_area": 0.0782587969744647,
  "area_ratio": 0.7681139534863338,
  "area_diff": -0.01814711535418475,
  "mean_pred_area_per_image": 0.060111681620279946,
  "mean_gt_area_per_image": 0.0782587969744647
}
