{
  "epoch": 50,
  "group": "data2",
  "num_samples": 88,
  "Dice": 0.9055938669542297,
  "IoU": 0.8274751388992426,
  "Precision": 0.9416259737445276,
  "Recall": 0.8722177249548907,
  "F2": 0.8852685417444934,
  "mean_pred_area": 0.0736099589954723,
  "mean_gt_area": 0.07946760004216974,
  "area_ratio": 0.9262888232880158,
  "area_diff": -0.005857641046697434,
  "mean_pred_area_per_image": 0.0736099589954723,
  "mean_gt_area_per_image": 0.07946760004216974
}
