{
  "epoch": 25,
  "group": "data3",
  "num_samples": 1793,
  "Dice": 0.7036266586838882,
  "IoU": 0.5427654490098883,
  "Precision": 0.750169860167354,
  "Recall": 0.662521474244707,
  "F2": 0.6783734415327933,
  "mean_pred_area": 0.05255617140659858,
  "mean_gt_area": 0.059509098629544586,
  "area_ratio": 0.8831617985369374,
  "area_diff": -0.0069529272229460065,
  "mean_pred_area_per_image": 0.05255617140659858,
  "mean_gt_area_per_image": 0.059509098629544586
}
