{
  "group": "data2",
  "num_samples": 88,
  "Dice": 0.9009345087544862,
  "IoU": 0.8197277741233655,
  "Precision": 0.9188436835693189,
  "Recall": 0.8837101219062523,
  "F2": 0.8905202353685969,
  "mean_pred_area": 0.07642902027476918,
  "mean_gt_area": 0.07946760004216974,
  "area_ratio": 0.9617631665808483,
  "area_diff": -0.0030385797674005594,
  "mean_pred_area_per_image": 0.07642902027476918,
  "mean_gt_area_per_image": 0.07946760004216974
}
