{
  "epoch": 25,
  "group": "data4",
  "num_samples": 432,
  "Dice": 0.757194315660971,
  "IoU": 0.6092620312270912,
  "Precision": 0.8359158799631027,
  "Recall": 0.6920236610116876,
  "F2": 0.7166977297688095,
  "mean_pred_area": 0.0647875467936198,
  "mean_gt_area": 0.0782587969744647,
  "area_ratio": 0.8278626942876797,
  "area_diff": -0.013471250180844899,
  "mean_pred_area_per_image": 0.0647875467936198,
  "mean_gt_area_per_image": 0.0782587969744647
}
