{
  "group": "data4",
  "num_samples": 432,
  "Dice": 0.7205315203195198,
  "IoU": 0.5631490980531684,
  "Precision": 0.8336365728166174,
  "Recall": 0.6344512707006789,
  "F2": 0.666291393904687,
  "mean_pred_area": 0.05955999868887442,
  "mean_gt_area": 0.0782587969744647,
  "area_ratio": 0.7610644857940198,
  "area_diff": -0.018698798285590276,
  "mean_pred_area_per_image": 0.05955999868887442,
  "mean_gt_area_per_image": 0.0782587969744647
}
