{
  "epoch": 10,
  "group": "data2",
  "num_samples": 88,
  "Dice": 0.8876998894971497,
  "IoU": 0.798075879985159,
  "Precision": 0.8620014841644614,
  "Recall": 0.9149776457932871,
  "F2": 0.903867816527839,
  "mean_pred_area": 0.08435145291415128,
  "mean_gt_area": 0.07946760004216974,
  "area_ratio": 1.0614570246845214,
  "area_diff": 0.004883852871981537,
  "mean_pred_area_per_image": 0.08435145291415128,
  "mean_gt_area_per_image": 0.07946760004216974
}
