{
  "group": "data4",
  "num_samples": 432,
  "Dice": 0.7420803159428951,
  "IoU": 0.5899266267537066,
  "Precision": 0.8052099083745242,
  "Recall": 0.6881299568339104,
  "F2": 0.7087405609971191,
  "mean_pred_area": 0.06687973163746021,
  "mean_gt_area": 0.0782587969744647,
  "area_ratio": 0.8545968718802806,
  "mean_pred_area_per_image": 0.06687973163746021,
  "mean_gt_area_per_image": 0.0782587969744647
}
