{
  "group": "data2",
  "num_samples": 88,
  "Dice": 0.9153459064455441,
  "IoU": 0.8439058238796849,
  "Precision": 0.9178420287088915,
  "Recall": 0.9128633240454478,
  "F2": 0.9138547394681982,
  "mean_pred_area": 0.07903653925115411,
  "mean_gt_area": 0.07946760004216974,
  "area_ratio": 0.9945755158512145,
  "mean_pred_area_per_image": 0.07903653925115411,
  "mean_gt_area_per_image": 0.07946760004216974
}
