{
  "group": "data3",
  "num_samples": 1793,
  "Dice": 0.7527300696846648,
  "IoU": 0.6035021380611331,
  "Precision": 0.7141685999005513,
  "Recall": 0.7956934674107022,
  "F2": 0.7779327147563618,
  "mean_pred_area": 0.0663022723732484,
  "mean_gt_area": 0.059509098629544586,
  "area_ratio": 1.1141533439190383,
  "mean_pred_area_per_image": 0.0663022723732484,
  "mean_gt_area_per_image": 0.059509098629544586
}
